-- ============ PLAYER ============
INSERT INTO PLAYER VALUES
('PLR0000000000001', 'Via Dante', 'Susegana', '29', 'M', '1976-03-13', '3428728463', 'Marco', 'Zago'),
('PLR0000000000002', 'Via Manzoni', 'Codogne', '5', 'M', '1975-07-09', '3413999315', 'Giacomo', 'Verdi'),
('PLR0000000000003', 'Via Cavour', 'Cimadolmo', '4', 'M', '1989-05-14', '3485329037', 'Francesco', 'Ferrari'),
('PLR0000000000004', 'Via Garibaldi', 'Vazzola', '76', 'M', '1992-11-23', '3447338124', 'Giacomo', 'Bressan'),
('PLR0000000000005', 'Via Trieste', 'Mareno di Piave', '36', 'M', '1996-03-07', '3430868105', 'Matteo', 'Cescon'),
('PLR0000000000006', 'Via Verdi', 'Codogne', '13', 'M', '1983-04-02', '3458181396', 'Riccardo', 'Neri'),
('PLR0000000000007', 'Via Diaz', 'Santa Lucia di Piave', '59', 'F', '2002-12-18', '3481971316', 'Noemi', 'Bortoluzzi'),
('PLR0000000000008', 'Via Cavour', 'San Fior', '80', 'M', '1968-12-11', '3458537831', 'Federico', 'Verdi'),
('PLR0000000000009', 'Via Vittorio Veneto', 'Susegana', '38', 'M', '1968-01-19', '3420709497', 'Paolo', 'Bianchi'),
('PLR0000000000010', 'Via Dante', 'Vazzola', '47', 'M', '1995-09-28', '3431831063', 'Andrea', 'Furlan'),
('PLR0000000000011', 'Via Vittorio Veneto', 'San Fior', '10', 'F', '1998-03-02', '3491756179', 'Sofia', 'Greco'),
('PLR0000000000012', 'Via Garibaldi', 'San Vendemiano', '60', 'M', '1997-02-28', '3460929647', 'Giacomo', 'Zago'),
('PLR0000000000013', 'Via Vittorio Veneto', 'Mareno di Piave', '8', 'F', '1976-02-20', '3440742311', 'Aurora', 'Ferrari'),
('PLR0000000000014', 'Via Dante', 'Conegliano', '28', 'M', '1969-11-28', '3486125617', 'Riccardo', 'Furlan'),
('PLR0000000000015', 'Via Piave', 'Codogne', '59', 'F', '1980-07-04', '3429175900', 'Alice', 'Marchetti'),
('PLR0000000000016', 'Via San Marco', 'San Polo di Piave', '69', 'F', '2001-04-19', '3445264581', 'Martina', 'Ferrari'),
('PLR0000000000017', 'Via Marconi', 'Susegana', '18', 'F', '2012-01-20', '3478387461', 'Camilla', 'Furlan'),
('PLR0000000000018', 'Via Roma', 'Cappella Maggiore', '15', 'F', '2008-07-22', '3430514014', 'Elena', 'Saccon'),
('PLR0000000000019', 'Via Verdi', 'Codogne', '49', 'M', '2012-10-17', '3489978790', 'Simone', 'Favero'),
('PLR0000000000020', 'Via Cavour', 'Cappella Maggiore', '2', 'F', '2010-05-07', '3425374874', 'Giorgia', 'Bortoluzzi'),
('PLR0000000000021', 'Via Dante', 'Codogne', '21', 'F', '2013-12-11', '3470897765', 'Beatrice', 'Neri'),
('PLR0000000000022', 'Via Diaz', 'San Vendemiano', '65', 'M', '2009-05-13', '3424282218', 'Giovanni', 'Modolo'),
('PLR0000000000023', 'Via Garibaldi', 'San Vendemiano', '48', 'F', '2009-11-21', '3431682744', 'Giorgia', 'Favero'),
('PLR0000000000024', 'Via Piave', 'Santa Lucia di Piave', '15', 'M', '2010-08-11', '3458718453', 'Filippo', 'Zanetti'),
('PLR0000000000025', 'Via Garibaldi', 'Sarmede', '73', 'F', '2014-02-01', '3420570592', 'Anna', 'Bianchi'),
('PLR0000000000026', 'Via Diaz', 'San Polo di Piave', '17', 'M', '2011-10-19', '3427232410', 'Lorenzo', 'Verdi'),
('PLR0000000000027', 'Via Dante', 'San Polo di Piave', '78', 'F', '1976-02-18', '3466792612', 'Aurora', 'Conte'),
('PLR0000000000028', 'Via San Marco', 'Ponte di Piave', '26', 'M', '1983-09-09', '3451837852', 'Giacomo', 'Saccon'),
('PLR0000000000029', 'Via Foscolo', 'San Polo di Piave', '58', 'F', '1978-06-03', '3426240908', 'Sofia', 'Carlin'),
('PLR0000000000030', 'Via Marconi', 'Santa Lucia di Piave', '76', 'M', '1985-06-10', '3484346088', 'Alberto', 'Verdi'),
('PLR0000000000031', 'Via Roma', 'Conegliano', '8', 'M', '1980-08-27', '3440728046', 'Pietro', 'Ferrari'),
('PLR0000000000032', 'Via Verdi', 'San Polo di Piave', '31', 'M', '2004-12-10', '3447376585', 'Luca', 'Zanetti'),
('PLR0000000000033', 'Via Mazzini', 'Ponte di Piave', '74', 'F', '2003-01-22', '3487337818', 'Alice', 'Spinazze'),
('PLR0000000000034', 'Via Diaz', 'Codogne', '25', 'F', '2005-05-22', '3422660194', 'Anna', 'Tonon'),
('PLR0000000000035', 'Via Trieste', 'Codogne', '60', 'M', '1976-03-09', '3417270733', 'Simone', 'Pavan'),
('PLR0000000000036', 'Via San Marco', 'Mareno di Piave', '14', 'M', '1977-02-24', '3443374088', 'Luca', 'Furlan'),
('PLR0000000000037', 'Via Piave', 'San Vendemiano', '55', 'M', '2005-03-09', '3434627347', 'Francesco', 'Spinazze'),
('PLR0000000000038', 'Via Carducci', 'Sarmede', '10', 'F', '1988-10-07', '3469476001', 'Ilaria', 'Ferrari'),
('PLR0000000000039', 'Via Cavour', 'Cappella Maggiore', '2', 'M', '1991-04-22', '3422517517', 'Luca', 'Marchetti'),
('PLR0000000000040', 'Via Piave', 'Vazzola', '28', 'M', '1986-09-16', '3463826716', 'Matteo', 'Bressan');

-- ============ COURTS ============
INSERT INTO COURTS VALUES
(1, 'Clay', 'Covered'),
(2, 'Synthetic', 'Covered'),
(3, 'Synthetic', 'Not Covered');

-- ============ INSTRUCTOR ============
INSERT INTO INSTRUCTOR VALUES
('PLR0000000000001', 'FIT Level 1 Coach'),
('PLR0000000000002', 'FIT Level 2 Coach'),
('PLR0000000000003', 'FIT Instructor'),
('PLR0000000000004', 'National Coach');

-- ============ COURSES ============
INSERT INTO COURSES VALUES
(1, 'PLR0000000000001', 'Beginner'),
(2, 'PLR0000000000002', 'Youth'),
(3, 'PLR0000000000003', 'Advanced'),
(4, 'PLR0000000000001', 'Intermediate'),
(5, 'PLR0000000000004', 'Youth');

-- ============ GROUPCOURSES / PRIVATECOURSES / ACADEMY ============
INSERT INTO GROUPCOURSES VALUES
(1, 6),
(4, 10);
INSERT INTO PRIVATECOURSES VALUES
(3, 30);
INSERT INTO ACADEMY VALUES
(2, 4),
(5, 8);

-- ============ MEMBER ============
INSERT INTO MEMBER VALUES
('PLR0000000000005', 1, '2024-05-02'),
('PLR0000000000006', 4, '2023-06-25'),
('PLR0000000000007', 1, '2023-11-09'),
('PLR0000000000008', 4, '2023-12-15'),
('PLR0000000000009', 1, '2025-12-14'),
('PLR0000000000010', 4, '2025-01-04'),
('PLR0000000000011', 1, '2023-12-05'),
('PLR0000000000012', 4, '2025-01-27'),
('PLR0000000000013', 1, '2024-10-18'),
('PLR0000000000014', 4, '2023-07-05'),
('PLR0000000000015', 1, '2023-05-12'),
('PLR0000000000016', 4, '2023-06-07'),
('PLR0000000000017', 2, '2025-04-22'),
('PLR0000000000018', 5, '2023-06-25'),
('PLR0000000000019', 2, '2025-07-20'),
('PLR0000000000020', 5, '2025-03-08'),
('PLR0000000000021', 2, '2023-03-14'),
('PLR0000000000022', 5, '2023-03-24'),
('PLR0000000000023', 2, '2024-07-26'),
('PLR0000000000024', 5, '2025-12-26'),
('PLR0000000000025', 2, '2023-05-06'),
('PLR0000000000026', 5, '2025-02-13');

-- ============ GUEST ============
INSERT INTO GUEST VALUES
('PLR0000000000027', '2025-08-08'),
('PLR0000000000028', '2025-08-12'),
('PLR0000000000029', '2026-04-08'),
('PLR0000000000030', '2025-11-07'),
('PLR0000000000031', '2026-06-09'),
('PLR0000000000032', '2025-05-12'),
('PLR0000000000033', '2026-11-27'),
('PLR0000000000034', '2026-01-04'),
('PLR0000000000035', '2026-03-19'),
('PLR0000000000036', '2026-01-04'),
('PLR0000000000037', '2026-06-24'),
('PLR0000000000038', '2026-07-20'),
('PLR0000000000039', '2025-07-19'),
('PLR0000000000040', '2025-05-02');

-- ============ DAY ============
INSERT INTO DAY VALUES
('Monday'),
('Tuesday'),
('Wednesday'),
('Thursday'),
('Friday'),
('Saturday');

-- ============ SCHEDULED ============
INSERT INTO SCHEDULED VALUES
(1, 'Saturday', '09:00', 60),
(1, 'Thursday', '18:00', 60),
(2, 'Wednesday', '09:00', 90),
(2, 'Thursday', '18:00', 90),
(3, 'Saturday', '18:30', 90),
(3, 'Monday', '18:00', 90),
(4, 'Saturday', '16:00', 90),
(4, 'Thursday', '18:30', 90),
(5, 'Friday', '10:30', 90),
(5, 'Tuesday', '18:30', 90);

-- ============ PLACE ============
INSERT INTO PLACE VALUES
(1, 3),
(2, 3),
(3, 1),
(4, 3),
(5, 3);

-- ============ BOOK / RESERVATION / REFERSTO ============
INSERT INTO BOOK VALUES
(1, '2026-06-27', '08:00', '09:00', 15),
(2, '2026-05-26', '18:00', '19:00', 20),
(3, '2026-05-15', '19:00', '20:00', 12),
(4, '2026-06-06', '19:00', '20:00', 10),
(5, '2026-06-21', '18:00', '19:00', 15),
(6, '2026-06-10', '09:00', '10:00', 12),
(7, '2026-04-08', '17:00', '18:00', 20),
(8, '2026-05-21', '18:00', '19:00', 12),
(9, '2026-05-08', '09:00', '10:00', 10),
(10, '2026-04-06', '20:00', '21:30', 20),
(11, '2026-06-08', '20:00', '21:30', 10),
(12, '2026-05-22', '18:00', '19:00', 20),
(13, '2026-05-20', '20:00', '21:30', 20),
(14, '2026-05-06', '19:00', '20:00', 18),
(15, '2026-04-27', '19:00', '20:00', 15),
(16, '2026-06-08', '10:00', '11:00', 18),
(17, '2026-05-08', '10:00', '11:00', 15),
(18, '2026-04-05', '09:00', '10:00', 12),
(19, '2026-04-23', '09:00', '10:00', 10),
(20, '2026-05-18', '17:00', '18:00', 18),
(21, '2026-05-13', '20:00', '21:30', 20),
(22, '2026-05-16', '08:00', '09:00', 15),
(23, '2026-05-18', '19:00', '20:00', 20),
(24, '2026-05-08', '10:00', '11:00', 18),
(25, '2026-05-11', '19:00', '20:00', 18),
(26, '2026-04-20', '18:00', '19:00', 10),
(27, '2026-06-22', '08:00', '09:00', 10),
(28, '2026-05-06', '08:00', '09:00', 15),
(29, '2026-04-15', '10:00', '11:00', 15),
(30, '2026-05-09', '20:00', '21:30', 10),
(31, '2026-06-18', '08:00', '09:00', 15),
(32, '2026-04-25', '19:00', '20:00', 10),
(33, '2026-04-27', '08:00', '09:00', 20),
(34, '2026-04-16', '19:00', '20:00', 10),
(35, '2026-05-23', '10:00', '11:00', 15);
INSERT INTO RESERVATION VALUES
(1, 'PLR0000000000020'),
(2, 'PLR0000000000019'),
(3, 'PLR0000000000021'),
(4, 'PLR0000000000033'),
(5, 'PLR0000000000019'),
(6, 'PLR0000000000006'),
(7, 'PLR0000000000010'),
(8, 'PLR0000000000005'),
(9, 'PLR0000000000025'),
(10, 'PLR0000000000007'),
(11, 'PLR0000000000030'),
(12, 'PLR0000000000030'),
(13, 'PLR0000000000039'),
(14, 'PLR0000000000028'),
(15, 'PLR0000000000029'),
(16, 'PLR0000000000034'),
(17, 'PLR0000000000005'),
(18, 'PLR0000000000021'),
(19, 'PLR0000000000025'),
(20, 'PLR0000000000027'),
(21, 'PLR0000000000004'),
(22, 'PLR0000000000002'),
(23, 'PLR0000000000020'),
(24, 'PLR0000000000039'),
(25, 'PLR0000000000032'),
(26, 'PLR0000000000011'),
(27, 'PLR0000000000026'),
(28, 'PLR0000000000028'),
(29, 'PLR0000000000025'),
(30, 'PLR0000000000025'),
(31, 'PLR0000000000031'),
(32, 'PLR0000000000015'),
(33, 'PLR0000000000002'),
(34, 'PLR0000000000010'),
(35, 'PLR0000000000037');
INSERT INTO REFERSTO VALUES
(1, 2),
(2, 1),
(3, 2),
(4, 2),
(5, 3),
(6, 1),
(7, 1),
(8, 2),
(9, 2),
(10, 2),
(11, 1),
(12, 1),
(13, 2),
(14, 3),
(15, 2),
(16, 2),
(17, 3),
(18, 3),
(19, 3),
(20, 2),
(21, 1),
(22, 3),
(23, 2),
(24, 1),
(25, 1),
(26, 2),
(27, 3),
(28, 1),
(29, 2),
(30, 2),
(31, 1),
(32, 3),
(33, 1),
(34, 1),
(35, 1);

-- ============ FEE ============
INSERT INTO FEE VALUES
(1, 'PLR0000000000005', 1, 2026, 50, 'Monthly', 'Paid'),
(2, 'PLR0000000000005', 2, 2026, 50, 'Monthly', 'Paid'),
(3, 'PLR0000000000005', 3, 2026, 50, 'Monthly', 'Paid'),
(4, 'PLR0000000000005', 4, 2026, 50, 'Monthly', 'Paid'),
(5, 'PLR0000000000005', 5, 2026, 50, 'Monthly', 'Paid'),
(6, 'PLR0000000000005', 6, 2026, 50, 'Monthly', 'Paid'),
(7, 'PLR0000000000006', 1, 2026, 50, 'Monthly', 'Paid'),
(8, 'PLR0000000000006', 2, 2026, 50, 'Monthly', 'Unpaid'),
(9, 'PLR0000000000006', 3, 2026, 50, 'Monthly', 'Unpaid'),
(10, 'PLR0000000000006', 4, 2026, 50, 'Monthly', 'Paid'),
(11, 'PLR0000000000006', 5, 2026, 50, 'Monthly', 'Paid'),
(12, 'PLR0000000000006', 6, 2026, 50, 'Monthly', 'Paid'),
(13, 'PLR0000000000007', 1, 2026, 50, 'Monthly', 'Paid'),
(14, 'PLR0000000000007', 2, 2026, 50, 'Monthly', 'Paid'),
(15, 'PLR0000000000007', 3, 2026, 50, 'Monthly', 'Paid'),
(16, 'PLR0000000000007', 4, 2026, 50, 'Monthly', 'Paid'),
(17, 'PLR0000000000007', 5, 2026, 50, 'Monthly', 'Paid'),
(18, 'PLR0000000000007', 6, 2026, 50, 'Monthly', 'Unpaid'),
(19, 'PLR0000000000008', 1, 2026, 50, 'Monthly', 'Paid'),
(20, 'PLR0000000000008', 2, 2026, 50, 'Monthly', 'Paid'),
(21, 'PLR0000000000008', 3, 2026, 50, 'Monthly', 'Paid'),
(22, 'PLR0000000000008', 4, 2026, 50, 'Monthly', 'Paid'),
(23, 'PLR0000000000008', 5, 2026, 50, 'Monthly', 'Unpaid'),
(24, 'PLR0000000000008', 6, 2026, 50, 'Monthly', 'Unpaid'),
(25, 'PLR0000000000009', 1, 2026, 50, 'Monthly', 'Paid'),
(26, 'PLR0000000000009', 2, 2026, 50, 'Monthly', 'Unpaid'),
(27, 'PLR0000000000009', 3, 2026, 50, 'Monthly', 'Paid'),
(28, 'PLR0000000000009', 4, 2026, 50, 'Monthly', 'Unpaid'),
(29, 'PLR0000000000009', 5, 2026, 50, 'Monthly', 'Paid'),
(30, 'PLR0000000000009', 6, 2026, 50, 'Monthly', 'Unpaid'),
(31, 'PLR0000000000010', 1, 2026, 50, 'Monthly', 'Paid'),
(32, 'PLR0000000000010', 2, 2026, 50, 'Monthly', 'Paid'),
(33, 'PLR0000000000010', 3, 2026, 50, 'Monthly', 'Unpaid'),
(34, 'PLR0000000000010', 4, 2026, 50, 'Monthly', 'Unpaid'),
(35, 'PLR0000000000010', 5, 2026, 50, 'Monthly', 'Unpaid'),
(36, 'PLR0000000000010', 6, 2026, 50, 'Monthly', 'Paid'),
(37, 'PLR0000000000011', 1, 2026, 50, 'Monthly', 'Paid'),
(38, 'PLR0000000000011', 2, 2026, 50, 'Monthly', 'Paid'),
(39, 'PLR0000000000011', 3, 2026, 50, 'Monthly', 'Paid'),
(40, 'PLR0000000000011', 4, 2026, 50, 'Monthly', 'Paid'),
(41, 'PLR0000000000011', 5, 2026, 50, 'Monthly', 'Unpaid'),
(42, 'PLR0000000000011', 6, 2026, 50, 'Monthly', 'Paid'),
(43, 'PLR0000000000012', 1, 2026, 50, 'Monthly', 'Unpaid'),
(44, 'PLR0000000000012', 2, 2026, 50, 'Monthly', 'Unpaid'),
(45, 'PLR0000000000012', 3, 2026, 50, 'Monthly', 'Paid'),
(46, 'PLR0000000000012', 4, 2026, 50, 'Monthly', 'Paid'),
(47, 'PLR0000000000012', 5, 2026, 50, 'Monthly', 'Unpaid'),
(48, 'PLR0000000000012', 6, 2026, 50, 'Monthly', 'Paid'),
(49, 'PLR0000000000013', 1, 2026, 50, 'Monthly', 'Paid'),
(50, 'PLR0000000000013', 2, 2026, 50, 'Monthly', 'Unpaid'),
(51, 'PLR0000000000013', 3, 2026, 50, 'Monthly', 'Paid'),
(52, 'PLR0000000000013', 4, 2026, 50, 'Monthly', 'Paid'),
(53, 'PLR0000000000013', 5, 2026, 50, 'Monthly', 'Paid'),
(54, 'PLR0000000000013', 6, 2026, 50, 'Monthly', 'Paid'),
(55, 'PLR0000000000014', 1, 2026, 50, 'Monthly', 'Paid'),
(56, 'PLR0000000000014', 2, 2026, 50, 'Monthly', 'Paid'),
(57, 'PLR0000000000014', 3, 2026, 50, 'Monthly', 'Paid'),
(58, 'PLR0000000000014', 4, 2026, 50, 'Monthly', 'Paid'),
(59, 'PLR0000000000014', 5, 2026, 50, 'Monthly', 'Paid'),
(60, 'PLR0000000000014', 6, 2026, 50, 'Monthly', 'Paid'),
(61, 'PLR0000000000015', 1, 2026, 50, 'Monthly', 'Unpaid'),
(62, 'PLR0000000000015', 2, 2026, 50, 'Monthly', 'Unpaid'),
(63, 'PLR0000000000015', 3, 2026, 50, 'Monthly', 'Paid'),
(64, 'PLR0000000000015', 4, 2026, 50, 'Monthly', 'Unpaid'),
(65, 'PLR0000000000015', 5, 2026, 50, 'Monthly', 'Unpaid'),
(66, 'PLR0000000000015', 6, 2026, 50, 'Monthly', 'Unpaid'),
(67, 'PLR0000000000016', 1, 2026, 50, 'Monthly', 'Paid'),
(68, 'PLR0000000000016', 2, 2026, 50, 'Monthly', 'Paid'),
(69, 'PLR0000000000016', 3, 2026, 50, 'Monthly', 'Paid'),
(70, 'PLR0000000000016', 4, 2026, 50, 'Monthly', 'Paid'),
(71, 'PLR0000000000016', 5, 2026, 50, 'Monthly', 'Unpaid'),
(72, 'PLR0000000000016', 6, 2026, 50, 'Monthly', 'Paid'),
(73, 'PLR0000000000017', 1, 2026, 40, 'Monthly', 'Paid'),
(74, 'PLR0000000000017', 2, 2026, 40, 'Monthly', 'Paid'),
(75, 'PLR0000000000017', 3, 2026, 40, 'Monthly', 'Unpaid'),
(76, 'PLR0000000000017', 4, 2026, 40, 'Monthly', 'Paid'),
(77, 'PLR0000000000017', 5, 2026, 40, 'Monthly', 'Unpaid'),
(78, 'PLR0000000000017', 6, 2026, 40, 'Monthly', 'Paid'),
(79, 'PLR0000000000018', 1, 2026, 40, 'Monthly', 'Paid'),
(80, 'PLR0000000000018', 2, 2026, 40, 'Monthly', 'Unpaid'),
(81, 'PLR0000000000018', 3, 2026, 40, 'Monthly', 'Paid'),
(82, 'PLR0000000000018', 4, 2026, 40, 'Monthly', 'Paid'),
(83, 'PLR0000000000018', 5, 2026, 40, 'Monthly', 'Paid'),
(84, 'PLR0000000000018', 6, 2026, 40, 'Monthly', 'Paid'),
(85, 'PLR0000000000019', 1, 2026, 40, 'Monthly', 'Paid'),
(86, 'PLR0000000000019', 2, 2026, 40, 'Monthly', 'Paid'),
(87, 'PLR0000000000019', 3, 2026, 40, 'Monthly', 'Paid'),
(88, 'PLR0000000000019', 4, 2026, 40, 'Monthly', 'Paid'),
(89, 'PLR0000000000019', 5, 2026, 40, 'Monthly', 'Paid'),
(90, 'PLR0000000000019', 6, 2026, 40, 'Monthly', 'Paid'),
(91, 'PLR0000000000020', 1, 2026, 40, 'Monthly', 'Paid'),
(92, 'PLR0000000000020', 2, 2026, 40, 'Monthly', 'Unpaid'),
(93, 'PLR0000000000020', 3, 2026, 40, 'Monthly', 'Paid'),
(94, 'PLR0000000000020', 4, 2026, 40, 'Monthly', 'Paid'),
(95, 'PLR0000000000020', 5, 2026, 40, 'Monthly', 'Paid'),
(96, 'PLR0000000000020', 6, 2026, 40, 'Monthly', 'Paid'),
(97, 'PLR0000000000021', 1, 2026, 40, 'Monthly', 'Paid'),
(98, 'PLR0000000000021', 2, 2026, 40, 'Monthly', 'Paid'),
(99, 'PLR0000000000021', 3, 2026, 40, 'Monthly', 'Paid'),
(100, 'PLR0000000000021', 4, 2026, 40, 'Monthly', 'Paid'),
(101, 'PLR0000000000021', 5, 2026, 40, 'Monthly', 'Paid'),
(102, 'PLR0000000000021', 6, 2026, 40, 'Monthly', 'Paid'),
(103, 'PLR0000000000022', 1, 2026, 40, 'Monthly', 'Paid'),
(104, 'PLR0000000000022', 2, 2026, 40, 'Monthly', 'Paid'),
(105, 'PLR0000000000022', 3, 2026, 40, 'Monthly', 'Paid'),
(106, 'PLR0000000000022', 4, 2026, 40, 'Monthly', 'Paid'),
(107, 'PLR0000000000022', 5, 2026, 40, 'Monthly', 'Paid'),
(108, 'PLR0000000000022', 6, 2026, 40, 'Monthly', 'Paid'),
(109, 'PLR0000000000023', 1, 2026, 40, 'Monthly', 'Unpaid'),
(110, 'PLR0000000000023', 2, 2026, 40, 'Monthly', 'Paid'),
(111, 'PLR0000000000023', 3, 2026, 40, 'Monthly', 'Paid'),
(112, 'PLR0000000000023', 4, 2026, 40, 'Monthly', 'Paid'),
(113, 'PLR0000000000023', 5, 2026, 40, 'Monthly', 'Unpaid'),
(114, 'PLR0000000000023', 6, 2026, 40, 'Monthly', 'Unpaid'),
(115, 'PLR0000000000024', 1, 2026, 40, 'Monthly', 'Unpaid'),
(116, 'PLR0000000000024', 2, 2026, 40, 'Monthly', 'Paid'),
(117, 'PLR0000000000024', 3, 2026, 40, 'Monthly', 'Paid'),
(118, 'PLR0000000000024', 4, 2026, 40, 'Monthly', 'Paid'),
(119, 'PLR0000000000024', 5, 2026, 40, 'Monthly', 'Paid'),
(120, 'PLR0000000000024', 6, 2026, 40, 'Monthly', 'Unpaid'),
(121, 'PLR0000000000025', 1, 2026, 40, 'Monthly', 'Paid'),
(122, 'PLR0000000000025', 2, 2026, 40, 'Monthly', 'Paid'),
(123, 'PLR0000000000025', 3, 2026, 40, 'Monthly', 'Unpaid'),
(124, 'PLR0000000000025', 4, 2026, 40, 'Monthly', 'Unpaid'),
(125, 'PLR0000000000025', 5, 2026, 40, 'Monthly', 'Paid'),
(126, 'PLR0000000000025', 6, 2026, 40, 'Monthly', 'Paid'),
(127, 'PLR0000000000026', 1, 2026, 40, 'Monthly', 'Paid'),
(128, 'PLR0000000000026', 2, 2026, 40, 'Monthly', 'Paid'),
(129, 'PLR0000000000026', 3, 2026, 40, 'Monthly', 'Paid'),
(130, 'PLR0000000000026', 4, 2026, 40, 'Monthly', 'Paid'),
(131, 'PLR0000000000026', 5, 2026, 40, 'Monthly', 'Paid'),
(132, 'PLR0000000000026', 6, 2026, 40, 'Monthly', 'Paid');

-- ============ TOURNAMENT ============
INSERT INTO TOURNAMENT VALUES
(1, 'Spring Open', '2026-04-10', '2026-04-15', 'Single', 'Open', 'Trophy + 200 euro'),
(2, 'Summer Cup', '2026-07-01', '2026-07-05', 'Single', '4.3', 'Medal'),
(3, 'Club Championship', '2026-05-20', '2026-05-25', 'Single', 'Open', 'Trophy'),
(4, 'Autumn Trophy', '2026-09-12', '2026-09-18', 'Single', '4.1', 'Cup + 300 euro');

-- ============ AMATEURTOURNAMENT / FEDERALTOURNAMENT ============
INSERT INTO AMATEURTOURNAMENT VALUES
(1, 'Bar Sport Santa Lucia'),
(3, 'Pizzeria Da Gigi');
INSERT INTO FEDERALTOURNAMENT VALUES
(2, 'Giovanni Marchetti'),
(4, 'Laura Bressan');

-- ============ PARTICIPATION ============
INSERT INTO PARTICIPATION VALUES
('PLR0000000000027', 1),
('PLR0000000000039', 1),
('PLR0000000000015', 1),
('PLR0000000000034', 1),
('PLR0000000000025', 1),
('PLR0000000000029', 1),
('PLR0000000000035', 1),
('PLR0000000000020', 1),
('PLR0000000000028', 1),
('PLR0000000000010', 1),
('PLR0000000000040', 2),
('PLR0000000000004', 2),
('PLR0000000000007', 2),
('PLR0000000000014', 2),
('PLR0000000000037', 2),
('PLR0000000000017', 2),
('PLR0000000000006', 2),
('PLR0000000000011', 2),
('PLR0000000000016', 2),
('PLR0000000000034', 2),
('PLR0000000000005', 3),
('PLR0000000000011', 3),
('PLR0000000000001', 3),
('PLR0000000000027', 3),
('PLR0000000000029', 3),
('PLR0000000000031', 3),
('PLR0000000000019', 3),
('PLR0000000000003', 3),
('PLR0000000000015', 3),
('PLR0000000000010', 3),
('PLR0000000000019', 4),
('PLR0000000000030', 4),
('PLR0000000000005', 4),
('PLR0000000000015', 4),
('PLR0000000000017', 4),
('PLR0000000000013', 4),
('PLR0000000000028', 4),
('PLR0000000000008', 4),
('PLR0000000000037', 4),
('PLR0000000000021', 4),
('PLR0000000000038', 4);
